0,0.0,0.0,0.0,0.00414285759972171,0.0,0.0,0.0,0.003870614281771798,0.0,0.0,0.002325951483070501,0.002008149480055658,0.0,0.026633349764146556,0.013980685910482378,0.10852629264842303,0.04712086231470313,0.07525864077504632,0.0,0.0,0.0,0.0,0.003319259207560296,0.0,0.006927490114332092,0.0,0.0021580867734230054,0.0,0.0,0.0,0.0,0.0,0.0,0.0,0.0,0.0,0.0,0.0,0.0,0.017684027942022253,0.0,0.0,0.0,0.06384967883928568,0.0,0.0,0.017156083787337687,0.017017901398886818,0.0,0.003074892339285715
1,0.0,0.0,0.0,0.007037402925882347,0.0,0.0,0.0,0.003926427425228756,0.0,0.0,0.004454936964313724,0.010305477014379082,0.0,0.049308998993725525,0.015593802004705884,0.04095127695241834,0.1370985193173854,0.039174139089934654,0.0,0.0,0.0,0.0,0.006012349690457517,0.0,0.014924741548758176,0.0,0.0014803780156862744,0.0,0.0,0.0,0.0,0.0,0.0,0.0,0.0,0.0,0.0,0.0,0.0,0.02594127869254903,0.0,0.0,0.0,0.024000154202614397,0.0,0.0,0.011540079413594771,0.04185739050039208,0.0,0.005033370825098042
2,0.0,0.0,0.0,0.004451735823129252,0.0,0.0,0.0,0.002316261160042964,0.0,0.0,0.003418307563909774,0.005120205182420332,0.0,0.048838318086287115,0.016985182268528454,0.11444767495417124,0.08963154590082358,0.06491637856498389,0.0,0.0,0.0,0.0,0.0058338706045470805,0.0,0.015955798363050486,0.0,0.0023225290554958825,0.0,0.0,0.0,0.0,0.0,0.0,0.0,0.0,0.0,0.0,0.0,0.0,0.02384330414930183,0.0,0.0,0.0,0.06652968632169699,0.0,0.0,0.017302583350877195,0.020076784965986385,0.0,0.004208629504117437
3,0.0,0.0,0.0,0.010089290591553834,0.0,0.0,0.0,0.00456685214055448,0.0,0.0,0.004020930556415217,0.011132139315925205,0.0,0.0515424798272083,0.007698049049645389,0.010586678577047069,0.1532617549303676,0.01584454118697615,0.0,0.0,0.0,0.0,0.0053346154906511924,0.0,0.019544340548678273,0.0,0.001854094978078659,0.0,0.0,0.0,0.0,0.0,0.0,0.0,0.0,0.0,0.0,0.0,0.0,0.01201404482011605,0.0,0.0,0.0,0.02292569130367504,0.0,0.0,0.009583216853642811,0.04988394051128309,0.0,0.002560436165699548
4,0.0,0.0,0.0,0.0038062632977991745,0.0,0.0,0.0,0.0015978226609353505,0.0,0.0,0.0035345022145804677,0.02792772840784043,0.0,0.04568022082874829,0.016175274440852806,0.11853645767675383,0.0542668788314993,0.07185438738445671,0.0,0.0,0.0,0.0,0.01031114858390646,0.0,0.013597614465612105,0.0,0.0047252045309491035,0.0,0.0,0.0,0.0,0.0,0.0,0.0,0.0,0.0,0.0,0.0,0.0,0.022045139939477303,0.0,0.0,0.0,0.03507400618844565,0.0,0.0,0.015034530598349381,0.02065553009422283,0.0,0.0023507592696011006
5,0.0,0.0,0.0,0.006297108502044989,0.0,0.0,0.0,0.004641279488752558,0.0,0.0,0.0023828793588957058,0.0048803221053169725,0.0,0.03288941891308792,0.012693106665644169,0.1014557696912066,0.06410375957157463,0.056556629829243386,0.0,0.0,0.0,0.0,0.004304534775051124,0.0,0.010706764553169733,0.0,0.002310059940695297,0.0,0.0,0.0,0.0,0.0,0.0,0.0,0.0,0.0,0.0,0.0,0.0,0.009094080518404908,0.0,0.0,0.0,0.03584386649079754,0.0,0.0,0.022656993119631905,0.01984451828425358,0.0,0.0030521605368098157
6,0.0,0.0,0.0,0.007671918454857143,0.0,0.0,0.0,0.001656598350857143,0.0,0.0,0.0014330264262857144,0.003478461153142857,0.0,0.044877638571428576,0.009209889509714285,0.042513798123428564,0.14422602303200008,0.03993709870514283,0.0,0.0,0.0,0.0,0.001686217188571428,0.0,0.014705139540571432,0.0,0.00044463386000000003,0.0,0.0,0.0,0.0,0.0,0.0,0.0,0.0,0.0,0.0,0.0,0.0,0.010005577734857145,0.0,0.0,0.0,0.029906921736000004,0.0,0.0,0.010479008164571427,0.02999104140114285,0.0,0.0032352076497142853
7,0.0,0.0,0.0,0.0038663147604017225,0.0,0.0,0.0,0.002428759724533716,0.0,0.0,0.0007589228909612624,0.0010895345365853658,0.0,0.05631084137446197,0.010921052032998564,0.21208903889670028,0.025391940384505023,0.11482634095695848,0.0,0.0,0.0,0.0,0.00478439630846485,0.0,0.005823644661406025,0.0,0.0015095783601147775,0.0,0.0,0.0,0.0,0.0,0.0,0.0,0.0,0.0,0.0,0.0,0.0,0.010550257454806313,0.0,0.0,0.0,0.06257739707460544,0.0,0.0,0.014806722789096118,0.023901490070301287,0.0,0.001203904107604017
8,0.0,0.0,0.0,0.007250337958737865,0.0,0.0,0.0,0.003700247085760517,0.0,0.0,0.0016461806181229772,0.0052549633932038806,0.0,0.07619837413754044,0.009774354525889966,0.04259326839158577,0.12963633175728154,0.03059304441423949,0.0,0.0,0.0,0.0,0.005187107742718448,0.0,0.015279083496763754,0.0,0.0012423586488673139,0.0,0.0,0.0,0.0,0.0,0.0,0.0,0.0,0.0,0.0,0.0,0.0,0.025491175082524284,0.0,0.0,0.0,0.027531617200647247,0.0,0.0,0.009487410669902914,0.04723889674919095,0.0,0.001923027889158576
9,0.0,0.0,0.0,0.0006602986481149013,0.0,0.0,0.0,0.0015643516157989226,0.0,0.0,0.0014053999721723518,0.0035183119784560147,0.0,0.03646555488868939,0.018011522301615797,0.10601092140574507,0.0701393290789946,0.06737275716696589,0.0,0.0,0.0,0.0,0.005412508236983841,0.0,0.019049927228007177,0.0,0.0015447143500897662,0.0,0.0,0.0,0.0,0.0,0.0,0.0,0.0,0.0,0.0,0.0,0.0,0.016111443504488336,0.0,0.0,0.0,0.0344795346929982,0.0,0.0,0.01838009642190305,0.022917542710951533,0.0,0.0033674936858168764
